signal_date,entry_date,exit_date,entry_px,exit_px,net_ret
2007-10-18,2007-10-19,2007-10-25,5360.35009765625,5568.9501953125,0.0378768038411208
2007-11-20,2007-11-21,2007-11-27,5778.7998046875,5698.14990234375,-0.014941896608478
2007-12-17,2007-12-18,2007-12-26,5777.60009765625,6070.75,0.049688640567518316
2008-01-15,2008-01-16,2008-01-22,6065.0,4899.2998046875,-0.19300872673614877
2008-01-22,2008-01-23,2008-01-29,4903.0498046875,5280.7998046875,0.07596718461991747
2008-01-30,2008-01-31,2008-02-06,5172.25,5322.5498046875,0.028030152788085516
2008-02-06,2008-02-07,2008-02-13,5322.5498046875,4929.4501953125,-0.07478135425076438
2008-02-20,2008-02-21,2008-02-27,5156.89990234375,5268.39990234375,0.02060022254847982
2008-03-03,2008-03-04,2008-03-11,4958.5498046875,4865.89990234375,-0.019665880007355585
2008-03-13,2008-03-14,2008-03-24,4623.7998046875,4609.85009765625,-0.00401359986499239
2008-03-31,2008-04-01,2008-04-07,4735.64990234375,4761.2001953125,0.004390235021924482
2008-06-02,2008-06-03,2008-06-09,4739.2998046875,4500.9501953125,-0.05124156089767917
2008-06-09,2008-06-10,2008-06-16,4522.0,4572.5,0.01015678082870819
2008-06-20,2008-06-23,2008-06-27,4351.14990234375,4136.64990234375,-0.05024771183389931
2008-06-27,2008-06-30,2008-07-04,4136.25,4016.0,-0.030042844396971358
2008-07-11,2008-07-14,2008-07-18,4047.449951171875,4092.25,0.010057964539990527
2008-07-25,2008-07-28,2008-08-01,4282.25,4413.5498046875,0.029631074070019192
2008-08-14,2008-08-18,2008-08-22,4430.7001953125,4327.4501953125,-0.024279698681026085
2008-09-05,2008-09-08,2008-09-12,4358.2998046875,4228.4501953125,-0.030763534576628282
2008-09-15,2008-09-16,2008-09-22,4072.550048828125,4223.0498046875,0.03591805021585803
2008-09-23,2008-09-24,2008-09-30,4125.75,3921.199951171875,-0.0505289933336287
2008-10-03,2008-10-06,2008-10-13,3817.300048828125,3490.699951171875,-0.0864720290740919
2008-10-15,2008-10-16,2008-10-22,3333.85009765625,3065.14990234375,-0.08151667189657374
2008-10-22,2008-10-23,2008-10-31,3064.800048828125,2885.60009765625,-0.059411584821582375
2008-11-05,2008-11-06,2008-11-12,2998.449951171875,2848.449951171875,-0.05097551772365416
2008-11-12,2008-11-14,2008-11-20,2848.0,2553.14990234375,-0.10442501078440813
2008-11-20,2008-11-21,2008-11-28,2553.60009765625,2755.10009765625,0.07782964197898368
2008-12-01,2008-12-02,2008-12-08,2672.89990234375,2784.0,0.0405241469248927
2008-12-17,2008-12-18,2008-12-24,2955.35009765625,2916.85009765625,-0.014013878398065893
2008-12-26,2008-12-29,2009-01-05,2857.14990234375,3121.449951171875,0.09141263373229247
2009-01-07,2009-01-09,2009-01-15,2919.949951171875,2736.699951171875,-0.06369486720402828
2009-01-15,2009-01-16,2009-01-22,2737.0,2713.800048828125,-0.009467622571551315
2009-02-02,2009-02-03,2009-02-09,2773.5,2919.89990234375,0.051732805704899576
2009-02-16,2009-02-17,2009-02-24,2853.85009765625,2733.89990234375,-0.042988670162656506
2009-03-02,2009-03-03,2009-03-09,2672.14990234375,2573.14990234375,-0.03801146281873413
2009-03-30,2009-03-31,2009-04-08,2981.699951171875,3342.949951171875,0.12003492150115247
2009-04-16,2009-04-17,2009-04-23,3369.5,3423.699951171875,0.015069697755042188
2009-04-28,2009-04-29,2009-05-07,3371.64990234375,3683.89990234375,0.09151818476034723
2009-05-26,2009-05-27,2009-06-02,4117.2998046875,4525.25,0.09798324441752948
2009-06-08,2009-06-09,2009-06-15,4427.75,4484.0,0.011691589315810713
2009-06-15,2009-06-16,2009-06-22,4478.10009765625,4235.25,-0.055176076295518905
2009-06-30,2009-07-01,2009-07-07,4292.2998046875,4202.14990234375,-0.021981388095018706
2009-07-08,2009-07-09,2009-07-15,4078.75,4233.5,0.03690293703931613
2009-08-06,2009-08-07,2009-08-13,4591.89990234375,4605.0,0.0018503388885398042
2009-08-17,2009-08-18,2009-08-24,4389.5,4642.7998046875,0.05664847711166887
2009-10-27,2009-10-28,2009-11-04,4846.5498046875,4710.7998046875,-0.02898129562484464
2009-11-26,2009-11-27,2009-12-03,5005.0498046875,5131.7001953125,0.024279545056989704
2010-01-21,2010-01-22,2010-01-29,5094.14990234375,4882.0498046875,-0.04259407156777195
2010-02-05,2010-02-08,2010-02-15,4755.35009765625,4801.9501953125,0.008790032893338129
2010-05-19,2010-05-20,2010-05-26,4924.2998046875,4917.39990234375,-0.0023994739275475796
2010-06-01,2010-06-02,2010-06-08,4970.75,4987.10009765625,0.002286293438920506
2010-11-16,2010-11-18,2010-11-24,6075.9501953125,5865.75,-0.03556053978429963
2010-12-09,2010-12-10,2010-12-16,5761.0,5948.75,0.03155756868935189
2011-01-07,2011-01-10,2011-01-14,5901.2998046875,5654.5498046875,-0.042770702906854585
2011-02-04,2011-02-07,2011-02-11,5430.14990234375,5310.0,-0.02310400370887966
2011-02-24,2011-02-25,2011-03-04,5321.0498046875,5538.75,0.03987243591878964
2011-05-03,2011-05-04,2011-05-10,5567.7001953125,5541.25,-0.005745581002008948
2011-06-20,2011-06-21,2011-06-27,5280.7998046875,5526.60009765625,0.04549982387444662
2011-08-05,2011-08-08,2011-08-12,5083.85009765625,5072.9501953125,-0.0031415618503323195
2011-08-18,2011-08-19,2011-08-25,4859.2998046875,4839.60009765625,-0.005049649075547502
2011-09-12,2011-09-13,2011-09-19,4977.7998046875,5031.9501953125,0.009867823588548985
2011-09-22,2011-09-23,2011-09-29,4873.75,5015.4501953125,0.028045416720251515
2011-11-21,2011-11-22,2011-11-29,4794.85009765625,4805.10009765625,0.0011358931178206966
2011-12-08,2011-12-09,2011-12-15,4870.75,4746.35009765625,-0.026514342537202973
2012-01-30,2012-01-31,2012-02-06,5125.25,5361.64990234375,0.04507877036755237
2012-02-27,2012-02-28,2012-03-05,5310.5,5280.35009765625,-0.006671417581630812
2012-03-22,2012-03-23,2012-03-29,5255.64990234375,5178.85009765625,-0.015597880263665709
2012-05-08,2012-05-09,2012-05-15,4967.89990234375,4942.7998046875,-0.00604708562406886
2013-05-23,2013-05-24,2013-05-30,6010.7001953125,6124.0498046875,0.017839438898983984
2013-05-31,2013-06-03,2013-06-07,5997.35009765625,5881.0,-0.020380537090927242
2013-06-20,2013-06-21,2013-06-27,5639.89990234375,5682.35009765625,0.0065195595382814275
2013-08-06,2013-08-07,2013-08-14,5549.2998046875,5742.2998046875,0.03374471446030647
2013-08-16,2013-08-19,2013-08-23,5497.5498046875,5471.75,-0.005687952849642075
2013-08-27,2013-08-28,2013-09-03,5233.4501953125,5341.4501953125,0.01961617191254028
2013-09-03,2013-09-04,2013-09-11,5358.64990234375,5913.14990234375,0.10237443235232058
2013-09-23,2013-09-24,2013-09-30,5855.0,5735.2998046875,-0.021423340766564825
2013-11-21,2013-11-22,2013-11-28,6027.35009765625,6091.85009765625,0.009690842237169317
2014-01-27,2014-01-28,2014-02-03,6131.85009765625,6001.7998046875,-0.02218745899113539
2014-07-08,2014-07-09,2014-07-15,7637.9501953125,7526.64990234375,-0.015557123545746343
2015-01-06,2015-01-07,2015-01-13,8118.64990234375,8299.400390625,0.021241677525460245
2015-03-09,2015-03-10,2015-03-16,8769.75,8633.150390625,-0.01656033498217291
2015-03-26,2015-03-27,2015-04-06,8396.0,8659.900390625,0.03040057894811543
2015-05-06,2015-05-07,2015-05-13,8077.0,8235.4501953125,0.01859816515219581
2015-06-02,2015-06-03,2015-06-09,8232.4501953125,8022.39990234375,-0.026489091466429304
2015-08-24,2015-08-25,2015-08-31,7895.39990234375,7971.2998046875,0.008603890073354492
2015-09-01,2015-09-02,2015-09-08,7856.64990234375,7688.25,-0.0224123124721608
2015-09-22,2015-09-23,2015-09-30,7737.35009765625,7948.89990234375,0.026314364136911905
2016-01-07,2016-01-08,2016-01-14,7611.64990234375,7536.7998046875,-0.01082347286386498
2016-02-11,2016-02-12,2016-02-18,7023.64990234375,7191.75,0.022909833319336492
2016-04-05,2016-04-06,2016-04-12,7636.0498046875,7708.9501953125,0.008537648190882097
2016-06-24,2016-06-27,2016-07-01,8039.35009765625,8328.349609375,0.03491250203547769
2016-11-11,2016-11-15,2016-11-21,8284.849609375,7929.10009765625,-0.043896521018342405
2018-02-02,2018-02-05,2018-02-09,10604.2998046875,10454.9501953125,-0.015069473477597795
2018-10-04,2018-10-05,2018-10-11,10514.099609375,10234.650390625,-0.027551631187618608
2018-10-11,2018-10-12,2018-10-19,10331.5498046875,10303.5498046875,-0.003707115975056019
2019-07-08,2019-07-09,2019-07-15,11531.599609375,11588.349609375,0.003916660259715821
2019-09-03,2019-09-04,2019-09-11,10790.400390625,11035.7001953125,0.021710745359703854
2020-02-03,2020-02-04,2020-02-10,11786.25,12031.5,0.01978766353251782
2020-02-24,2020-02-25,2020-03-02,11877.5,11132.75,-0.06363958646452139
2020-03-06,2020-03-09,2020-03-16,10742.0498046875,9197.400390625,-0.14465059277564174
2020-03-16,2020-03-17,2020-03-23,9285.400390625,7610.25,-0.18122624066173332
2020-03-23,2020-03-24,2020-03-30,7848.2998046875,8281.099609375,0.05409086873141167
2020-03-30,2020-03-31,2020-04-08,8529.349609375,8748.75,0.024697597039949448
2020-04-21,2020-04-22,2020-04-28,9026.75,9380.900390625,0.0381945319768735
2020-05-04,2020-05-05,2020-05-11,9429.400390625,9239.2001953125,-0.021150490094070773
2020-05-14,2020-05-15,2020-05-21,9182.400390625,9106.25,-0.009284470680969825
2020-06-11,2020-06-12,2020-06-18,9544.9501953125,10091.650390625,0.05621944196919881
2020-08-31,2020-09-01,2020-09-07,11464.2998046875,11355.0498046875,-0.01051973683259888
2020-09-21,2020-09-22,2020-09-28,11301.75,11227.5498046875,-0.007558488996807555
2020-10-15,2020-10-16,2020-10-22,11727.400390625,11896.4501953125,0.013400852308296907
2020-12-21,2020-12-22,2020-12-29,13373.650390625,13932.599609375,0.04075335161019722
2021-02-22,2021-02-23,2021-03-01,14782.25,14761.5498046875,-0.002398621479531182
2021-04-12,2021-04-13,2021-04-20,14364.900390625,14296.400390625,-0.005763480720779479
2021-11-26,2021-11-29,2021-12-03,17055.80078125,17196.69921875,0.007253088946760355
2021-12-20,2021-12-21,2021-12-27,16773.150390625,17086.25,0.017648373679827856
2022-01-24,2022-01-25,2022-02-01,17001.55078125,17576.849609375,0.032804513491668796
2022-02-14,2022-02-15,2022-02-21,16933.25,17206.650390625,0.015129951147091925
2022-02-24,2022-02-25,2022-03-04,16515.650390625,16245.349609375,-0.017349660873764328
2022-03-07,2022-03-08,2022-03-14,15747.75,16871.30078125,0.07027574594500519
2022-05-04,2022-05-05,2022-05-11,16854.75,16167.099609375,-0.041757505616932145
2022-05-12,2022-05-13,2022-05-19,15977.0,15809.400390625,-0.011479248405151132
2022-05-19,2022-05-20,2022-05-26,16043.7998046875,16170.150390625,0.006867800041242322
2022-06-13,2022-06-14,2022-06-20,15674.25,15350.150390625,-0.021656209943041183
2024-01-17,2024-01-18,2024-01-25,21414.19921875,21352.599609375,-0.003873382173738671
2024-06-04,2024-06-05,2024-06-11,22128.349609375,23264.849609375,0.05030843299683796
2024-08-05,2024-08-06,2024-08-12,24189.849609375,24347.0,0.005490368160686154
2024-10-03,2024-10-04,2024-10-10,25181.900390625,24998.44921875,-0.008277438158208916
2025-04-07,2025-04-08,2025-04-16,22446.75,23437.19921875,0.04308060266788383
2026-03-13,2026-03-16,2026-03-20,23116.099609375,23114.5,-0.0010688098178990302
2026-03-23,2026-03-24,2026-04-01,22878.44921875,22679.400390625,-0.009691258810364811
2026-07-08,2026-07-09,2026-07-15,23928.94921875,24078.5,0.005243856873203612
